master_id,url,aff
s8b_277_184,https://www.amazon.co.jp/%E3%83%9D%E3%82%B1%E3%83%A2%E3%83%B3%E3%82%AB%E3%83%BC%E3%83%89%E3%82%B2%E3%83%BC%E3%83%A0-PK-S8b-277-%E3%83%AB%E3%83%AA%E3%83%8A-SR/dp/B09MVZYMVT/ref=sr_1_5?__mk_ja_JP=%E3%82%AB%E3%82%BF%E3%82%AB%E3%83%8A&keywords=CHR&m=A2NE9Z2FYM5YIK&qid=1685833352&s=merchant-items&sr=1-5,https://amzn.to/3MWeLSa
s8b_224_184,https://www.amazon.co.jp/%E3%83%9D%E3%82%B1%E3%83%A2%E3%83%B3%E3%82%AB%E3%83%BC%E3%83%89%E3%82%B2%E3%83%BC%E3%83%A0-PK-S8b-224-%E3%82%BC%E3%83%A9%E3%82%AA%E3%83%A9V-CSR/dp/B09MW13581/ref=sr_1_178?__mk_ja_JP=%E3%82%AB%E3%82%BF%E3%82%AB%E3%83%8A&crid=3CV1SK0A55GRQ&keywords=%E3%83%9E%E3%83%AA%E3%82%A3+S4a&qid=1685832782&sprefix=%E3%83%9E%E3%83%AA%E3%82%A3+s4a%2Caps%2C175&sr=8-178,https://amzn.to/3qr3ul9
s4a_198_190,https://www.amazon.co.jp/%E3%83%9D%E3%82%B1%E3%83%A2%E3%83%B3%E3%82%AB%E3%83%BC%E3%83%89%E3%82%B2%E3%83%BC%E3%83%A0-%E3%82%B5%E3%83%9D%E3%83%BC%E3%83%88-%E3%82%B9%E3%83%BC%E3%83%91%E3%83%BC%E3%83%AC%E3%82%A2-%E3%83%8F%E3%82%A4%E3%82%AF%E3%83%A9%E3%82%B9%E3%83%91%E3%83%83%E3%82%AF-%E3%82%B7%E3%83%A3%E3%82%A4%E3%83%8B%E3%83%BC%E3%82%B9%E3%82%BF%E3%83%BCV/dp/B08NW8ZMVJ/ref=sr_1_1?__mk_ja_JP=%E3%82%AB%E3%82%BF%E3%82%AB%E3%83%8A&crid=3CV1SK0A55GRQ&keywords=%E3%83%9E%E3%83%AA%E3%82%A3+S4a&qid=1685832602&sprefix=%E3%83%9E%E3%83%AA%E3%82%A3+s4a%2Caps%2C175&sr=8-1,https://amzn.to/3CaDsVL
s8b_216_184,https://www.amazon.co.jp/%E3%83%9D%E3%82%B1%E3%83%A2%E3%83%B3%E3%82%AB%E3%83%BC%E3%83%89%E3%82%B2%E3%83%BC%E3%83%A0-PK-S8b-216-%E3%83%90%E3%82%B7%E3%83%A3%E3%83%BC%E3%83%A2V-CSR/dp/B09MVZVGN3/ref=pd_bxgy_img_sccl_1/355-0531837-8813650?pd_rd_w=qPzDq&content-id=amzn1.sym.bc57a5ab-9f02-4944-8c5c-9e1696e0d32c&pf_rd_p=bc57a5ab-9f02-4944-8c5c-9e1696e0d32c&pf_rd_r=RK5G94FZMZMXFDENZ6KT&pd_rd_wg=LHEou&pd_rd_r=8ab6986c-7559-420b-9c51-3265e7d1e226&pd_rd_i=B09MVZVGN3&psc=1,https://amzn.to/3IUwd88
s8b_233_184,https://www.amazon.co.jp/%E3%83%9D%E3%82%B1%E3%83%A2%E3%83%B3%E3%82%AB%E3%83%BC%E3%83%89%E3%82%B2%E3%83%BC%E3%83%A0-%E3%83%9F%E3%83%9F%E3%83%83%E3%82%AD%E3%83%A5V-%E3%82%AD%E3%83%A3%E3%83%A9%E3%82%AF%E3%82%BF%E3%83%BC%E3%82%B9%E3%83%BC%E3%83%91%E3%83%BC%E3%83%AC%E3%82%A2-%E3%83%8F%E3%82%A4%E3%82%AF%E3%83%A9%E3%82%B9%E3%83%91%E3%83%83%E3%82%AF-VMAX%E3%82%AF%E3%83%A9%E3%82%A4%E3%83%9E%E3%83%83%E3%82%AF%E3%82%B9/dp/B09MWJ1ZD3/ref=sr_1_1?__mk_ja_JP=%E3%82%AB%E3%82%BF%E3%82%AB%E3%83%8A&keywords=CHR&m=A2NE9Z2FYM5YIK&qid=1685837474&s=merchant-items&sr=1-1,https://amzn.to/3OVbHIq
s8b_255_184,https://www.amazon.co.jp/%E3%83%9D%E3%82%B1%E3%83%A2%E3%83%B3%E3%82%AB%E3%83%BC%E3%83%89-%E3%83%8F%E3%82%A4%E3%82%AF%E3%83%A9%E3%82%B9%E3%83%91%E3%83%83%E3%82%AF-VMAX%E3%82%AF%E3%83%A9%E3%82%A4%E3%83%9E%E3%83%83%E3%82%AF%E3%82%B9-%E3%82%A2%E3%82%BB%E3%83%AD%E3%83%A9%E3%81%AE%E4%BA%88%E6%84%9F-%E3%83%88%E3%83%AC%E3%83%BC%E3%83%8A%E3%83%BC%E3%82%BA%E3%82%AB%E3%83%BC%E3%83%89/dp/B09MWLXQ5V/ref=sr_1_10?__mk_ja_JP=%E3%82%AB%E3%82%BF%E3%82%AB%E3%83%8A&keywords=CHR&m=A2NE9Z2FYM5YIK&qid=1685837474&s=merchant-items&sr=1-10,https://amzn.to/3qtw6tM
s12a_244_172,https://www.amazon.co.jp/%E3%83%9D%E3%82%B1%E3%83%A2%E3%83%B3%E3%82%AB%E3%83%BC%E3%83%89%E3%82%B2%E3%83%BC%E3%83%A0-S12a-%E3%82%B9%E3%83%9A%E3%82%B7%E3%83%A3%E3%83%AB%E3%82%A2%E3%83%BC%E3%83%88%E3%83%AC%E3%82%A2-%E3%83%8F%E3%82%A4%E3%82%AF%E3%83%A9%E3%82%B9%E3%83%91%E3%83%83%E3%82%AF-VSTAR%E3%83%A6%E3%83%8B%E3%83%90%E3%83%BC%E3%82%B9/dp/B0BNYCHWV4/ref=sr_1_2?crid=1NAKBCH4R8APJ&keywords=%E3%83%A1%E3%83%AD%E3%83%B3+star+%E3%83%9D%E3%82%B1%E3%83%A2%E3%83%B3%E3%82%AB%E3%83%BC%E3%83%89&qid=1685833221&sprefix=%E3%83%A1%E3%83%AD%E3%83%B3+SAR+%2Caps%2C229&sr=8-2,https://amzn.to/43AGXQU
s8b_244_184,https://www.amazon.co.jp/%E3%83%9D%E3%82%B1%E3%83%A2%E3%83%B3%E3%82%AB%E3%83%BC%E3%83%89%E3%82%B2%E3%83%BC%E3%83%A0-%E3%83%96%E3%83%A9%E3%83%83%E3%82%AD%E3%83%BCV-%E3%82%AD%E3%83%A3%E3%83%A9%E3%82%AF%E3%82%BF%E3%83%BC%E3%82%B9%E3%83%BC%E3%83%91%E3%83%BC%E3%83%AC%E3%82%A2-%E3%83%8F%E3%82%A4%E3%82%AF%E3%83%A9%E3%82%B9%E3%83%91%E3%83%83%E3%82%AF-VMAX%E3%82%AF%E3%83%A9%E3%82%A4%E3%83%9E%E3%83%83%E3%82%AF%E3%82%B9/dp/B09MWHDCSS/ref=sr_1_12?__mk_ja_JP=%E3%82%AB%E3%82%BF%E3%82%AB%E3%83%8A&crid=3BQ521AYJ8DS7&keywords=%E3%83%96%E3%83%A9%E3%83%83%E3%82%AD%E3%83%BCvmax&qid=1685837931&sprefix=%E3%83%96%E3%83%A9%E3%83%83%E3%82%AD%E3%83%BCv%2Caps%2C213&sr=8-12,https://amzn.to/43GGmgQ
s8b_194_184,https://www.amazon.co.jp/%E3%83%9D%E3%82%B1%E3%83%A2%E3%83%B3%E3%82%AB%E3%83%BC%E3%83%89-s8b-%E3%83%8F%E3%82%A4%E3%82%AF%E3%83%A9%E3%82%B9%E3%83%91%E3%83%83%E3%82%AF-VMAX%E3%82%AF%E3%83%A9%E3%82%A4%E3%83%9E%E3%83%83%E3%82%AF%E3%82%B9-%E3%83%A2%E3%82%B3%E3%82%B3/dp/B09MWKYG69/ref=sr_1_24?__mk_ja_JP=%E3%82%AB%E3%82%BF%E3%82%AB%E3%83%8A&crid=2UWCTV2EAEYKY&keywords=%E3%83%94%E3%82%AB%E3%83%81%E3%83%A5%E3%82%A6+CHR&qid=1685838003&sprefix=%E3%83%94%E3%82%AB%E3%83%81%E3%83%A5%E3%82%A6+chr%2Caps%2C218&sr=8-24,https://amzn.to/45Lr103
s8b_209_184,https://www.amazon.co.jp/%E3%83%9D%E3%82%B1%E3%83%A2%E3%83%B3%E3%82%AB%E3%83%BC%E3%83%89-%E3%83%8F%E3%82%A4%E3%82%AF%E3%83%A9%E3%82%B9%E3%83%91%E3%83%83%E3%82%AF-VMAX%E3%82%AF%E3%83%A9%E3%82%A4%E3%83%9E%E3%83%83%E3%82%AF%E3%82%B9-%E3%82%AF%E3%83%AA%E3%83%A0%E3%82%AC%E3%83%B3-%E3%81%9F%E3%81%AD%E3%83%9D%E3%82%B1%E3%83%A2%E3%83%B3/dp/B09MWKNFVS/ref=sr_1_58?__mk_ja_JP=%E3%82%AB%E3%82%BF%E3%82%AB%E3%83%8A&crid=2UWCTV2EAEYKY&keywords=%E3%83%94%E3%82%AB%E3%83%81%E3%83%A5%E3%82%A6+CHR&qid=1685838075&sprefix=%E3%83%94%E3%82%AB%E3%83%81%E3%83%A5%E3%82%A6+chr%2Caps%2C218&sr=8-58,https://amzn.to/3WO3NCA
s8b_231_184,https://www.amazon.co.jp/%E3%83%9D%E3%82%B1%E3%83%A2%E3%83%B3%E3%82%AB%E3%83%BC%E3%83%89%E3%82%B2%E3%83%BC%E3%83%A0-%E3%83%8B%E3%83%B3%E3%83%95%E3%82%A3%E3%82%A2V-%E3%82%AD%E3%83%A3%E3%83%A9%E3%82%AF%E3%82%BF%E3%83%BC%E3%82%B9%E3%83%BC%E3%83%91%E3%83%BC%E3%83%AC%E3%82%A2-%E3%83%8F%E3%82%A4%E3%82%AF%E3%83%A9%E3%82%B9%E3%83%91%E3%83%83%E3%82%AF-VMAX%E3%82%AF%E3%83%A9%E3%82%A4%E3%83%9E%E3%83%83%E3%82%AF%E3%82%B9/dp/B09MWH6RQZ/ref=sr_1_2?__mk_ja_JP=%E3%82%AB%E3%82%BF%E3%82%AB%E3%83%8A&crid=3NG9TB7WQTZDV&keywords=%E3%83%8B%E3%83%B3%E3%83%95%E3%82%A3%E3%82%A2V+CSR&qid=1685838264&sprefix=%E3%83%8B%E3%83%B3%E3%83%95%E3%82%A3%E3%82%A2v+csr%2Caps%2C289&sr=8-2,https://amzn.to/3oTnZq1
s8b_230_184,https://www.amazon.co.jp/%E3%83%9D%E3%82%B1%E3%83%A2%E3%83%B3%E3%82%AB%E3%83%BC%E3%83%89-%E3%83%8F%E3%82%A4%E3%82%AF%E3%83%A9%E3%82%B9%E3%83%91%E3%83%83%E3%82%AF-VMAX%E3%82%AF%E3%83%A9%E3%82%A4%E3%83%9E%E3%83%83%E3%82%AF%E3%82%B9-%E3%83%95%E3%83%AA%E3%83%BC%E3%82%B6%E3%83%BCV-%E3%81%9F%E3%81%AD%E3%83%9D%E3%82%B1%E3%83%A2%E3%83%B3/dp/B09MWM93JR/ref=sr_1_1?__mk_ja_JP=%E3%82%AB%E3%82%BF%E3%82%AB%E3%83%8A&crid=7RBHQSVTG7MJ&keywords=%E3%82%AC%E3%83%A9%E3%83%AB%E3%83%95%E3%83%AA%E3%83%BC%E3%82%B6%E3%83%BCV+CSR&qid=1685838364&sprefix=%E3%82%AC%E3%83%A9%E3%83%AB%E3%83%95%E3%83%AA%E3%83%BC%E3%82%B6%E3%83%BCv+csr%2Caps%2C227&sr=8-1,https://amzn.to/3oLQypq
s8b_208_184,https://www.amazon.co.jp/%E3%83%9D%E3%82%B1%E3%83%A2%E3%83%B3%E3%82%AB%E3%83%BC%E3%83%89%E3%82%B2%E3%83%BC%E3%83%A0-PK-S8b-208-%E3%83%89%E3%83%BC%E3%82%BF%E3%82%AF%E3%83%B3-CHR/dp/B09MVZMTKV/ref=sr_1_2?__mk_ja_JP=%E3%82%AB%E3%82%BF%E3%82%AB%E3%83%8A&crid=1TQ5YKY186DAO&keywords=%E3%83%89%E3%83%BC%E3%82%BF%E3%82%AF%E3%83%B3+CHR&qid=1685838497&sprefix=%E3%83%89%E3%83%BC%E3%82%BF%E3%82%AF%E3%83%B3+chr%2Caps%2C231&sr=8-2,https://amzn.to/3OZytix
s8b_208_184,https://www.amazon.co.jp/%E3%83%9D%E3%82%B1%E3%83%A2%E3%83%B3%E3%82%AB%E3%83%BC%E3%83%89%E3%82%B2%E3%83%BC%E3%83%A0-%E3%83%89%E3%83%BC%E3%82%BF%E3%82%AF%E3%83%B3-%E3%82%AD%E3%83%A3%E3%83%A9%E3%82%AF%E3%82%BF%E3%83%BC%E3%83%AC%E3%82%A2-%E3%83%8F%E3%82%A4%E3%82%AF%E3%83%A9%E3%82%B9%E3%83%91%E3%83%83%E3%82%AF-VMAX%E3%82%AF%E3%83%A9%E3%82%A4%E3%83%9E%E3%83%83%E3%82%AF%E3%82%B9/dp/B09MWKFXBQ/ref=sr_1_3?__mk_ja_JP=%E3%82%AB%E3%82%BF%E3%82%AB%E3%83%8A&crid=1TQ5YKY186DAO&keywords=%E3%83%89%E3%83%BC%E3%82%BF%E3%82%AF%E3%83%B3+CHR&qid=1685838497&sprefix=%E3%83%89%E3%83%BC%E3%82%BF%E3%82%AF%E3%83%B3+chr%2Caps%2C231&sr=8-3,https://amzn.to/3OQpEYb
s9a_084_067,https://www.amazon.co.jp/%E3%83%9D%E3%82%B1%E3%83%A2%E3%83%B3%E3%82%AB%E3%83%BC%E3%83%89%E3%82%B2%E3%83%BC%E3%83%A0-%E3%82%AC%E3%83%96%E3%83%AA%E3%82%A2%E3%82%B9V-%E3%82%AD%E3%83%A3%E3%83%A9%E3%82%AF%E3%82%BF%E3%83%BC%E3%82%B9%E3%83%BC%E3%83%91%E3%83%BC%E3%83%AC%E3%82%A2-%E5%BC%B7%E5%8C%96%E6%8B%A1%E5%BC%B5%E3%83%91%E3%83%83%E3%82%AF-%E3%83%90%E3%83%88%E3%83%AB%E3%83%AA%E3%83%BC%E3%82%B8%E3%83%A7%E3%83%B3/dp/B09TBDKYTG/ref=sr_1_1?keywords=%E3%82%AC%E3%83%96%E3%83%AA%E3%82%A2%E3%82%B9v+csr&qid=1685838681&sprefix=%E3%82%AC%E3%83%96%E3%83%AA%E3%82%A2%E3%82%B9%2Caps%2C262&sr=8-1,https://amzn.to/43E60mq
s12a_183_172,https://www.amazon.co.jp/%E3%83%9D%E3%82%B1%E3%83%A2%E3%83%B3%E3%82%AB%E3%83%BC%E3%83%89%E3%82%B2%E3%83%BC%E3%83%A0-S12a-%E3%82%A2%E3%83%BC%E3%83%88%E3%83%AC%E3%82%A2-%E3%83%8F%E3%82%A4%E3%82%AF%E3%83%A9%E3%82%B9%E3%83%91%E3%83%83%E3%82%AF-VSTAR%E3%83%A6%E3%83%8B%E3%83%90%E3%83%BC%E3%82%B9/dp/B0BNQH6G2V/ref=sr_1_1?__mk_ja_JP=%E3%82%AB%E3%82%BF%E3%82%AB%E3%83%8A&crid=2J677LYXTF8OR&keywords=s12a+air&qid=1685838758&sprefix=s12a+ar%2Caps%2C223&sr=8-1,https://amzn.to/43neWww
s12a_217_172,https://www.amazon.co.jp/%E3%83%9D%E3%82%B1%E3%83%A2%E3%83%B3%E3%82%AB%E3%83%BC%E3%83%89%E3%82%B2%E3%83%BC%E3%83%A0-%E3%82%B0%E3%83%AC%E3%82%A4%E3%82%B7%E3%82%A2VSTAR-%E3%82%B9%E3%83%9A%E3%82%B7%E3%83%A3%E3%83%AB%E3%82%A2%E3%83%BC%E3%83%88%E3%83%AC%E3%82%A2-%E3%83%8F%E3%82%A4%E3%82%AF%E3%83%A9%E3%82%B9%E3%83%91%E3%83%83%E3%82%AF-VSTAR%E3%83%A6%E3%83%8B%E3%83%90%E3%83%BC%E3%82%B9/dp/B0BNYCXPW4/ref=sr_1_1?__mk_ja_JP=%E3%82%AB%E3%82%BF%E3%82%AB%E3%83%8A&crid=3POAFY9LTBBBL&keywords=s12a+%E3%82%B0%E3%83%AC%E3%82%A4%E3%82%B7%E3%82%A2&qid=1685838897&sprefix=s12a+%E3%82%B0%E3%83%AC%E3%82%A4%E3%82%B7%E3%82%A2%2Caps%2C226&sr=8-1,https://amzn.to/42jhiLD
s12a_209_172,https://www.amazon.co.jp/%E3%83%9D%E3%82%B1%E3%83%A2%E3%83%B3%E3%82%AB%E3%83%BC%E3%83%89%E3%82%B2%E3%83%BC%E3%83%A0-S12a-%E3%82%A2%E3%83%BC%E3%83%88%E3%83%AC%E3%82%A2-%E3%83%8F%E3%82%A4%E3%82%AF%E3%83%A9%E3%82%B9%E3%83%91%E3%83%83%E3%82%AF-VSTAR%E3%83%A6%E3%83%8B%E3%83%90%E3%83%BC%E3%82%B9/dp/B0BNQFT3Z3/ref=sr_1_5?__mk_ja_JP=%E3%82%AB%E3%82%BF%E3%82%AB%E3%83%8A&crid=3OBELHNFBYZYY&keywords=s12a+%E3%83%A1%E3%83%AA%E3%83%BC%E3%83%97&qid=1685839001&sprefix=s12a+%E3%83%A1%E3%83%AA%E3%83%BC%E3%83%97%2Caps%2C211&sr=8-5,https://amzn.to/42pzy69
s12a_214_172,https://www.amazon.co.jp/%E3%83%9D%E3%82%B1%E3%83%A2%E3%83%B3%E3%82%AB%E3%83%BC%E3%83%89%E3%82%B2%E3%83%BC%E3%83%A0-%E3%83%90%E3%82%AA%E3%83%83%E3%82%AD%E3%83%BCVSTAR-%E3%82%B9%E3%83%9A%E3%82%B7%E3%83%A3%E3%83%AB%E3%82%A2%E3%83%BC%E3%83%88%E3%83%AC%E3%82%A2-%E3%83%8F%E3%82%A4%E3%82%AF%E3%83%A9%E3%82%B9%E3%83%91%E3%83%83%E3%82%AF-VSTAR%E3%83%A6%E3%83%8B%E3%83%90%E3%83%BC%E3%82%B9/dp/B0BNQCQ673/ref=sr_1_1?__mk_ja_JP=%E3%82%AB%E3%82%BF%E3%82%AB%E3%83%8A&crid=3GVDYA079Y2JW&keywords=s12a+%E3%83%90%E3%82%AA%E3%83%83%E3%82%AD%E3%83%BC&qid=1685839189&sprefix=s12a+%E3%83%90%E3%82%AA%E3%83%83%E3%82%AD%E3%83%BC%2Caps%2C213&sr=8-1,https://amzn.to/3WR5ak8
s8b_192_184,https://www.amazon.co.jp/%E3%83%9D%E3%82%B1%E3%83%A2%E3%83%B3%E3%82%AB%E3%83%BC%E3%83%89%E3%82%B2%E3%83%BC%E3%83%A0-%E3%83%A2%E3%82%B9%E3%83%8E%E3%82%A6-%E3%82%AD%E3%83%A3%E3%83%A9%E3%82%AF%E3%82%BF%E3%83%BC%E3%83%AC%E3%82%A2-%E3%83%8F%E3%82%A4%E3%82%AF%E3%83%A9%E3%82%B9%E3%83%91%E3%83%83%E3%82%AF-VMAX%E3%82%AF%E3%83%A9%E3%82%A4%E3%83%9E%E3%83%83%E3%82%AF%E3%82%B9/dp/B09MWH41NG/ref=sr_1_5?__mk_ja_JP=%E3%82%AB%E3%82%BF%E3%82%AB%E3%83%8A&crid=1WUMZ7L6792L2&keywords=%E3%83%A2%E3%82%B9%E3%83%8E%E3%82%A6+%E3%83%9D%E3%82%B1%E3%82%AB&qid=1685839406&sprefix=%E3%82%82%E3%81%99%E3%81%AE%E3%81%86+%E3%83%9D%E3%82%B1%E3%82%AB%2Caps%2C216&sr=8-5,https://amzn.to/3CdY9QN
s8a_014_028,https://www.amazon.co.jp/%E3%83%9D%E3%82%B1%E3%83%A2%E3%83%B3%E3%82%AB%E3%83%BC%E3%83%89%E3%82%B2%E3%83%BC%E3%83%A0-%E3%82%B3%E3%82%B9%E3%83%A2%E3%83%83%E3%82%B0-%E6%8B%A1%E5%BC%B5%E3%83%91%E3%83%83%E3%82%AF-ANNIVERSARY-COLLECTION/dp/B09JZVXQ42/ref=sr_1_7?__mk_ja_JP=%E3%82%AB%E3%82%BF%E3%82%AB%E3%83%8A&crid=16D9UZG1GWWNH&keywords=%E3%82%B3%E3%82%B9%E3%83%A2%E3%83%83%E3%82%B0+%E3%83%9D%E3%82%B1%E3%82%AB&qid=1685839474&sprefix=%E3%82%B3%E3%82%B9%E3%83%A2%E3%83%83%E3%82%B0+%E3%83%9D%E3%82%B1%E3%82%AB%2Caps%2C232&sr=8-7,https://amzn.to/3IWSu5o
s-p_125_S-P,https://www.amazon.co.jp/%E3%83%9D%E3%82%B1%E3%83%A2%E3%83%B3%E3%82%AB%E3%83%BC%E3%83%89%E3%82%B2%E3%83%BC%E3%83%A0%E5%89%A3%E7%9B%BE-%E6%8B%A1%E5%BC%B5%E3%83%91%E3%83%83%E3%82%AF-%E4%BB%B0%E5%A4%A9%E3%81%AE%E3%83%9C%E3%83%AB%E3%83%86%E3%83%83%E3%82%AB%E3%83%BC-%E3%83%94%E3%82%AB%E3%83%81%E3%83%A5%E3%82%A6-%E3%81%9F%E3%81%AD%E3%83%9D%E3%82%B1%E3%83%A2%E3%83%B3/dp/B08JGFGP9Z/ref=sr_1_23?__mk_ja_JP=%E3%82%AB%E3%82%BF%E3%82%AB%E3%83%8A&crid=C0P0JY6QIO63&keywords=%E3%83%94%E3%82%AB%E3%83%81%E3%83%A5%E3%82%A6+%E3%83%9D%E3%82%B1%E3%82%AB&qid=1685839629&sprefix=%E3%83%94%E3%82%AB%E3%83%81%E3%83%A5%E3%82%A6+%E3%83%9D%E3%82%B1%E3%82%AB%2Caps%2C228&sr=8-23,https://amzn.to/3oJCtsu
s12a_185_172,https://www.amazon.co.jp/%E3%83%9D%E3%82%B1%E3%83%A2%E3%83%B3%E3%82%AB%E3%83%BC%E3%83%89%E3%82%B2%E3%83%BC%E3%83%A0-%E3%83%87%E3%82%AA%E3%82%AD%E3%82%B7%E3%82%B9-%E3%82%A2%E3%83%BC%E3%83%88%E3%83%AC%E3%82%A2-%E3%83%8F%E3%82%A4%E3%82%AF%E3%83%A9%E3%82%B9%E3%83%91%E3%83%83%E3%82%AF-VSTAR%E3%83%A6%E3%83%8B%E3%83%90%E3%83%BC%E3%82%B9/dp/B0BNQF5TH9/ref=sr_1_2?__mk_ja_JP=%E3%82%AB%E3%82%BF%E3%82%AB%E3%83%8A&crid=293IKQYE5EUB0&keywords=%E3%83%87%E3%82%AA%E3%82%AD%E3%82%B7%E3%82%B9+AR+%E3%83%9D%E3%82%B1%E3%82%AB&qid=1685839749&sprefix=%E3%83%87%E3%82%AA%E3%82%AD%E3%82%B7%E3%82%B9+ar+%E3%83%9D%E3%82%B1%E3%82%AB%2Caps%2C252&sr=8-2,https://amzn.to/3IWKkK6
s8b_225_184,https://www.amazon.co.jp/%E3%83%9D%E3%82%B1%E3%83%A2%E3%83%B3%E3%82%AB%E3%83%BC%E3%83%89-%E3%83%8F%E3%82%A4%E3%82%AF%E3%83%A9%E3%82%B9%E3%83%91%E3%83%83%E3%82%AF-VMAX%E3%82%AF%E3%83%A9%E3%82%A4%E3%83%9E%E3%83%83%E3%82%AF%E3%82%B9-%E3%83%91%E3%83%AB%E3%82%B9%E3%83%AF%E3%83%B3V-%E3%81%9F%E3%81%AD%E3%83%9D%E3%82%B1%E3%83%A2%E3%83%B3/dp/B09MWLJ2N2/ref=sr_1_14?__mk_ja_JP=%E3%82%AB%E3%82%BF%E3%82%AB%E3%83%8A&crid=36JSPIKRM4PDE&keywords=%E3%82%BC%E3%82%AF%E3%83%AD%E3%83%A0+CHR+%E3%83%9D%E3%82%B1%E3%82%AB&qid=1685839847&sprefix=%E3%82%BC%E3%82%AF%E3%83%AD%E3%83%A0+ch+%E3%83%9D%E3%82%B1%E3%82%AB%2Caps%2C375&sr=8-14,https://amzn.to/45HP68f
s8b_187_184,https://www.amazon.co.jp/%E3%83%9D%E3%82%B1%E3%83%A2%E3%83%B3%E3%82%AB%E3%83%BC%E3%83%89-s8b-%E3%83%8F%E3%82%A4%E3%82%AF%E3%83%A9%E3%82%B9%E3%83%91%E3%83%83%E3%82%AF-VMAX%E3%82%AF%E3%83%A9%E3%82%A4%E3%83%9E%E3%83%83%E3%82%AF%E3%82%B9-%E3%83%AA%E3%82%B6%E3%83%BC%E3%83%89%E3%83%B3/dp/B09MWMKB2Y/ref=sr_1_1?__mk_ja_JP=%E3%82%AB%E3%82%BF%E3%82%AB%E3%83%8A&crid=3RWC3ONOWLFFW&keywords=%E3%83%AA%E3%82%B6%E3%83%BC%E3%83%89%E3%83%B3+CHR+%E3%83%9D%E3%82%B1%E3%82%AB&qid=1685839976&sprefix=%E3%83%AA%E3%82%B6%E3%83%BC%E3%83%89%E3%83%B3+chr+%E3%83%9D%E3%82%B1%E3%82%AB%2Caps%2C222&sr=8-1,https://amzn.to/45Jb4rq
